node,x,y,latitude,longitude
91646,443527,4401760.5,39.7638973,-123.659321
93804,445685,4401760.5,39.7640377,-123.634128
95316,443056,4401759.5,39.7638569,-123.664819
95882,443622,4401759.5,39.7638946,-123.658212
144462,446651,4401748.5,39.7639906,-123.622849
213975,445767,4401731.5,39.7637816,-123.633168
220340,443850,4401729.5,39.7636394,-123.655547
242809,445614,4401724.5,39.7637088,-123.634954
257723,443964,4401720.5,39.7635658,-123.654216
259098,445339,4401720.5,39.7636552,-123.638164
259765,446006,4401720.5,39.7636977,-123.630377
296941,445913,4401711.5,39.7636107,-123.631462
314870,443137,4401706.5,39.7633848,-123.663869
322590,446716,4401705.5,39.7636073,-123.622087
326547,446532,4401704.5,39.7635867,-123.624235
332335,444038,4401702.5,39.7634085,-123.65335
441887,445924,4401676.5,39.7632961,-123.631331
450490,446245,4401674.5,39.7632984,-123.627583
574170,445695,4401644.5,39.7629932,-123.634001
603850,446388,4401637.5,39.762974,-123.625911
604291,446829,4401637.5,39.7630017,-123.620762
609439,443695,4401635.5,39.7627822,-123.657349
716054,446785,4401610.5,39.7627557,-123.621274
736599,446625,4401605.5,39.7627006,-123.623141
740759,446644,4401604.5,39.7626928,-123.622919
742066,443810,4401603.5,39.7625015,-123.656003
760819,445999,4401599.5,39.7626071,-123.630449
793955,446007,4401591.5,39.7625355,-123.630355
848685,446904,4401578.5,39.7624748,-123.619882
863053,444708,4401574.5,39.762299,-123.645518
869970,443343,4401572.5,39.7621913,-123.661453
894498,443025,4401566.5,39.762116,-123.665164
898394,446921,4401566.5,39.7623677,-123.619682
906546,446791,4401564.5,39.7623416,-123.6212
907139,443243,4401563.5,39.7621035,-123.662619
921029,444710,4401560.5,39.762173,-123.645493
926862,446402,4401559.5,39.7622722,-123.625741
933715,444973,4401557.5,39.762163,-123.642423
936050,443167,4401556.5,39.7620354,-123.663506
961309,443580,4401550.5,39.7620088,-123.658684
969351,443340,4401548.5,39.7619749,-123.661486
970613,444602,4401548.5,39.7620579,-123.646753
1018776,443073,4401536.5,39.7618489,-123.664601
1021884,446181,4401536.5,39.762051,-123.628319
1053278,444447,4401528.5,39.7618676,-123.648561
1055720,446889,4401528.5,39.7620234,-123.620053
1056157,443185,4401527.5,39.7617753,-123.663293
1062450,445337,4401526.5,39.7619072,-123.638171
1076441,446905,4401523.5,39.7619793,-123.619866
1143576,443643,4401506.5,39.7616166,-123.657945
1148493,444419,4401505.5,39.7616585,-123.648886
1153701,445486,4401504.5,39.7617185,-123.63643
1227304,444551,4401486.5,39.761496,-123.647343
1274696,446392,4401475.5,39.7615147,-123.625851
1288701,443833,4401471.5,39.7613138,-123.655724
1320899,447044,4401464.5,39.7614564,-123.618238
1323764,445768,4401463.5,39.7613671,-123.633134
1357312,446188,4401455.5,39.7613217,-123.62823
1359924,444659,4401454.5,39.7612147,-123.64608
1360742,445477,4401454.5,39.7612674,-123.63653
1414943,445845,4401441.5,39.7611738,-123.632233
1427666,446145,4401438.5,39.7611658,-123.628731
1452875,446508,4401432.5,39.7611346,-123.624493
1452878,446511,4401432.5,39.7611348,-123.624458
1478327,447114,4401426.5,39.7611184,-123.617418
1480152,444798,4401425.5,39.7609624,-123.644455
1499065,443006,4401420.5,39.7607993,-123.665374
1535365,446178,4401412.5,39.7609336,-123.628344
1574298,443701,4401402.5,39.7606834,-123.657259
1581694,446956,4401401.5,39.7608833,-123.619261
1585600,446721,4401400.5,39.7608597,-123.622004
1607627,443902,4401394.5,39.7606246,-123.654912
1610553,446828,4401394.5,39.7608123,-123.620754
1648316,443181,4401384.5,39.7604867,-123.663327
1658339,444922,4401382.5,39.760583,-123.643003
1676935,446954,4401378.5,39.760676,-123.619282
1681875,443612,4401376.5,39.7604433,-123.658295
1699879,445052,4401372.5,39.7605013,-123.641485
1709481,446372,4401370.5,39.7605675,-123.626076
1713357,446107,4401369.5,39.7605417,-123.629169
1713795,446545,4401369.5,39.7605693,-123.624056
1714888,443497,4401368.5,39.7603636,-123.659637
1727353,443539,4401365.5,39.7603393,-123.659147
1744142,443764,4401361.5,39.7603182,-123.65652
1747170,446792,4401361.5,39.7605127,-123.621172
1764052,447110,4401357.5,39.7604965,-123.617459
1765765,444682,4401356.5,39.7603332,-123.645803
1833265,445926,4401340.5,39.760269,-123.63128
1837561,446081,4401339.5,39.7602698,-123.62947
1845854,446092,4401337.5,39.7602525,-123.629341
1850933,447030,4401336.5,39.7603023,-123.618391
1909190,443172,4401321.5,39.7599185,-123.663427
1915025,444866,4401320.5,39.7600208,-123.643652
1934388,443524,4401315.5,39.7598878,-123.659318
1941610,446605,4401314.5,39.7600776,-123.623351
1979924,443509,4401304.5,39.7597877,-123.659492
1980275,443860,4401304.5,39.759811,-123.655394
1995127,446289,4401301.5,39.7599406,-123.627039
2062852,443617,4401284.5,39.7596147,-123.658229
2071557,444040,4401282.5,39.7596246,-123.653291
2094131,445909,4401277.5,39.7597003,-123.631473
2097247,444884,4401276.5,39.7596256,-123.643438
2109753,444967,4401273.5,39.7596039,-123.642469
2126393,445043,4401269.5,39.7595728,-123.641581
2141814,443900,4401265.5,39.7594622,-123.654924
2148273,446218,4401264.5,39.7596027,-123.627865
2176920,445878,4401257.5,39.7595181,-123.631833
2242337,445039,4401241.5,39.7593202,-123.641626
2253377,443656,4401238.5,39.7592028,-123.65777
2320575,444598,4401222.5,39.7591205,-123.646772
2351623,446659,4401215.5,39.759189,-123.622713
2356593,443347,4401213.5,39.7589571,-123.661375
2385639,443406,4401206.5,39.758898,-123.660686
2392800,446426,4401205.5,39.7590843,-123.625432
2393024,446650,4401205.5,39.7590983,-123.622817
2403850,445053,4401202.5,39.7589698,-123.641459
2479074,445739,4401184.5,39.7588516,-123.63345
2511219,444756,4401176.5,39.7587163,-123.644924
2574919,446341,4401161.5,39.7586825,-123.62642
2646610,443494,4401143.5,39.7583362,-123.659653
2676910,444807,4401136.5,39.7583592,-123.644325
2697873,445065,4401131.5,39.7583309,-123.641313
2729517,443581,4401123.5,39.7581618,-123.658636
2730960,445024,4401123.5,39.7582561,-123.641791
2741902,443543,4401120.5,39.7581322,-123.659079
2753010,446369,4401118.5,39.7582968,-123.62609
2765068,446004,4401115.5,39.7582468,-123.630351
2825725,444546,4401100.5,39.7580179,-123.647369
2877591,446720,4401088.5,39.7580486,-123.62199
2894637,443061,4401083.5,39.7577668,-123.664702
2911145,443005,4401079.5,39.757727,-123.665356
2935015,446170,4401074.5,39.7578879,-123.628409
2953403,443853,4401069.5,39.7576932,-123.655456
2974683,444428,4401064.5,39.7576859,-123.648743
2974985,444730,4401064.5,39.7577055,-123.645218
3009912,446529,4401056.5,39.7577483,-123.624217
3010947,443423,4401055.5,39.7575386,-123.660474
3023925,443978,4401052.5,39.7575483,-123.653995
3059433,446358,4401044.5,39.7576294,-123.626212
3074377,444738,4401040.5,39.7574898,-123.645123
3173392,444369,4401016.5,39.7572496,-123.649428
3175136,446113,4401016.5,39.7573617,-123.62907
3217643,443069,4401005.5,39.7570646,-123.664602
3240049,444770,4401000.5,39.7571315,-123.644746
3248659,445098,4400998.5,39.7571347,-123.640917
3276752,444204,4400991.5,39.7570136,-123.651352
3286119,445289,4400989.5,39.7570659,-123.638686
3348233,445288,4400974.5,39.7569307,-123.638697
3358799,443431,4400971.5,39.7567824,-123.660374
3378017,446085,4400967.5,39.7569185,-123.629393
3397112,444475,4400962.5,39.75677,-123.648186
3410279,445219,4400959.5,39.7567911,-123.639501
3421610,444127,4400956.5,39.7566932,-123.652248
3431235,445470,4400954.5,39.7567622,-123.636571
3437364,443317,4400952.5,39.7566036,-123.661703
3491755,443875,4400939.5,39.7565234,-123.655188
3492262,444382,4400939.5,39.7565567,-123.64927
3499428,443266,4400937.5,39.7564651,-123.662297
3501382,445220,4400937.5,39.756593,-123.639488
3509912,445468,4400935.5,39.7565909,-123.636592
3536706,443275,4400928.5,39.7563846,-123.662191
3576399,445699,4400919.5,39.7564615,-123.633895
3664893,443091,4400897.5,39.756093,-123.664336
3682480,444114,4400893.5,39.7561247,-123.652394
3721177,445542,4400884.5,39.7561361,-123.635724
3787520,445629,4400868.5,39.7559975,-123.634708
3790716,444684,4400867.5,39.7559277,-123.645738
3812036,445299,4400862.5,39.7559223,-123.638559
3848136,444130,4400853.5,39.7557654,-123.652204
3873985,445133,4400847.5,39.7557765,-123.640496
3914890,444628,4400837.5,39.7556537,-123.64639
3944258,445009,4400830.5,39.7556154,-123.641942
3955343,443671,4400827.5,39.7555009,-123.65756
3968649,444554,4400824.5,39.7555318,-123.647252
3993510,444569,4400818.5,39.7554787,-123.647077
4009491,443986,4400814.5,39.7554045,-123.653882
4015136,445490,4400813.5,39.7554931,-123.636326
4079484,443582,4400797.5,39.7552247,-123.658596
4100080,443473,4400792.5,39.7551724,-123.659868
4117784,444613,4400788.5,39.7552113,-123.646561
4124503,443050,4400786.5,39.7550902,-123.664805
4125403,443950,4400786.5,39.7551499,-123.654299
4173897,446893,4400775.5,39.7552394,-123.619945
4198997,443006,4400768.5,39.7549251,-123.665317
4236134,447015,4400760.5,39.7551118,-123.61852
4247374,445832,4400757.5,39.7550104,-123.632329
4262529,444423,4400753.5,39.7548836,-123.648775
4304327,444811,4400743.5,39.7548187,-123.644246
4316855,444916,4400740.5,39.7547985,-123.64302
4324913,444692,4400738.5,39.7547659,-123.645634
4331092,446730,4400737.5,39.7548868,-123.621845
4428406,444660,4400713.5,39.7545386,-123.646006
4440693,444524,4400710.5,39.7545028,-123.647593
4452378,443786,4400707.5,39.7544273,-123.656207
4464567,443552,4400704.5,39.7543848,-123.658938
4469526,444370,4400703.5,39.7544296,-123.64939
4519863,445015,4400691.5,39.7543634,-123.64186
4532709,445438,4400688.5,39.7543636,-123.636922
4538040,446628,4400687.5,39.75443,-123.623032
4577853,445031,4400677.5,39.7542383,-123.641672
4597474,443947,4400672.5,39.7541226,-123.654325
4607053,445244,4400670.5,39.754189,-123.639185
4654756,443255,4400658.5,39.7539507,-123.662401
4658470,446969,4400658.5,39.75419,-123.619049
4675955,443749,4400653.5,39.7539384,-123.656634
4694519,445749,4400649.5,39.7540321,-123.633289
4718942,445326,4400643.5,39.753951,-123.638226
4732666,446627,4400640.5,39.7540064,-123.623039
4796197,443902,4400624.5,39.7536872,-123.654846
4800216,443780,4400623.5,39.7536701,-123.65627
4825622,444340,4400617.5,39.7536529,-123.649733
4825675,444393,4400617.5,39.7536563,-123.649114
4828482,443059,4400616.5,39.7535592,-123.664685
4829833,444410,4400616.5,39.7536484,-123.648916
4840970,443124,4400613.5,39.7535365,-123.663926
4850889,444761,4400611.5,39.7536262,-123.644818
4855445,445176,4400610.5,39.753644,-123.639974
4865075,446524,4400608.5,39.7537117,-123.624239
4877495,446521,4400605.5,39.7536845,-123.624274
4901623,445803,4400599.5,39.753585,-123.632654
4934806,445858,4400591.5,39.7535164,-123.632012
4978113,443614,4400580.5,39.7532718,-123.658204
4987253,444472,4400578.5,39.7533101,-123.648189
5003595,444250,4400574.5,39.7532596,-123.65078
5010892,443265,4400572.5,39.7531765,-123.662277
5065665,444205,4400559.5,39.7531215,-123.651304
5068372,446912,4400559.5,39.7532945,-123.619706
5081332,443308,4400555.5,39.7530262,-123.661773
5087533,445368,4400554.5,39.7531518,-123.637728
5131945,444229,4400543.5,39.7529789,-123.651022
5221345,446668,4400522.5,39.7529459,-123.622551
5241791,446409,4400517.5,39.7528846,-123.625574
5242676,443153,4400516.5,39.7526645,-123.663579
5265287,445059,4400511.5,39.7527445,-123.641331
5283823,447031,4400507.5,39.7528334,-123.618313
5286190,445257,4400506.5,39.7527122,-123.63902
5293433,444218,4400504.5,39.7526268,-123.651147
5294013,444798,4400504.5,39.7526646,-123.644377
5300670,443173,4400502.5,39.7525397,-123.663345
5304685,443047,4400501.5,39.7525223,-123.664815
5314230,444310,4400499.5,39.7525878,-123.650073
5325722,443379,4400496.5,39.7524994,-123.66094
5340957,446191,4400493.5,39.7526546,-123.628117
5398595,445855,4400479.5,39.7525072,-123.632037
5414275,444971,4400475.5,39.7524145,-123.642356
5449821,443248,4400466.5,39.7522204,-123.662466
5451424,444851,4400466.5,39.7523256,-123.643755
5488495,444653,4400457.5,39.7522317,-123.646066
5661634,443870,4400415.5,39.7518021,-123.655202
5685801,443191,4400409.5,39.751703,-123.663127
5699087,444054,4400406.5,39.7517331,-123.653053
5707004,443689,4400404.5,39.751691,-123.657313
5712979,445523,4400403.5,39.7518013,-123.635906
5719514,443776,4400401.5,39.7516697,-123.656298
5720727,444989,4400401.5,39.7517489,-123.642139
5722943,443064,4400400.5,39.7516135,-123.664608
5730569,446549,4400399.5,39.7518302,-123.62393
5734716,446555,4400398.5,39.7518216,-123.62386
5761487,444339,4400391.5,39.7516166,-123.649725
5786333,444339,4400385.5,39.7515626,-123.649725
5786360,444366,4400385.5,39.7515643,-123.64941
5802971,444413,4400381.5,39.7515314,-123.648861
5878769,445673,4400363.5,39.7514505,-123.634152
5897977,444176,4400358.5,39.7513086,-123.651625
5901537,443595,4400357.5,39.7512614,-123.658406
5962201,446285,4400343.5,39.7513091,-123.627007
5992327,443283,4400335.5,39.7510424,-123.662046
6012799,443050,4400330.5,39.7509818,-123.664765
6038514,443919,4400324.5,39.7509854,-123.654622
6038650,444055,4400324.5,39.7509944,-123.653035
6075514,443650,4400315.5,39.7508866,-123.657761
6078977,447113,4400315.5,39.7511086,-123.61734
6090442,446155,4400312.5,39.7510216,-123.628522
6113316,444183,4400306.5,39.7508406,-123.651539
6138071,444092,4400300.5,39.7507806,-123.652601
6157285,446742,4400296.5,39.7509143,-123.621669
6186592,447062,4400289.5,39.7508712,-123.617934
6197363,445410,4400286.5,39.7507399,-123.637216
6204683,444448,4400284.5,39.7506597,-123.648444
6210503,446127,4400283.5,39.7507585,-123.628847
6233006,443784,4400277.5,39.7505531,-123.656194
6235898,446676,4400277.5,39.750739,-123.622438
6262363,444154,4400270.5,39.7505144,-123.651874
6263064,444855,4400270.5,39.75056,-123.643692
6287304,444249,4400264.5,39.7504665,-123.650765
6308364,444604,4400259.5,39.7504446,-123.646621
6311493,443592,4400258.5,39.7503692,-123.658433
6339554,446807,4400252.5,39.750522,-123.620907
6362365,444772,4400246.5,39.7503384,-123.644659
6393924,443203,4400238.5,39.7501632,-123.662972
6405414,446411,4400236.5,39.750353,-123.625528
6416131,444705,4400233.5,39.7502169,-123.64544
6423284,443576,4400231.5,39.7501249,-123.658617
6428052,444203,4400230.5,39.7501572,-123.651299
6432699,444709,4400229.5,39.7501812,-123.645393
6436673,444542,4400228.5,39.7501613,-123.647342
6474016,444616,4400219.5,39.750085,-123.646478
6522166,443074,4400207.5,39.7498753,-123.664475
6523860,444768,4400207.5,39.7499868,-123.644702
6529988,446755,4400206.5,39.7501043,-123.62151
6533793,446419,4400205.5,39.7500742,-123.625432
6540120,444464,4400203.5,39.749931,-123.64825
6581054,443988,4400193.5,39.7498097,-123.653805
6592203,446855,4400191.5,39.7499754,-123.620342
6605484,443572,4400187.5,39.7497282,-123.65866
6713158,443580,4400161.5,39.7494945,-123.658565
6783037,443062,4400144.5,39.7493069,-123.664609
6809023,444202,4400138.5,39.7493282,-123.651303
6898616,446834,4400117.5,39.7493073,-123.620581
6912682,444336,4400113.5,39.7491118,-123.649737
6998048,446882,4400093.5,39.7490941,-123.620019
7032386,443951,4400084.5,39.7488252,-123.654228
7071996,446292,4400075.5,39.7488949,-123.626904
7087031,444763,4400071.5,39.7487611,-123.644749
7102042,443210,4400067.5,39.748623,-123.662875
7134156,446337,4400060.5,39.7487626,-123.626377
7193009,443075,4400045.5,39.7484158,-123.664449
7202618,444402,4400043.5,39.7484854,-123.648961
7209470,447113,4400042.5,39.748649,-123.617318
7218702,443922,4400039.5,39.7484179,-123.654563
7219048,444268,4400039.5,39.7484406,-123.650524
7220881,446101,4400039.5,39.7485585,-123.62913
7220917,446137,4400039.5,39.7485608,-123.62871
7233697,446494,4400036.5,39.7485563,-123.624543
7238090,446746,4400035.5,39.748563,-123.621601
7255268,443219,4400030.5,39.7482902,-123.662767
7262669,446479,4400029.5,39.7484923,-123.624717
7300831,443231,4400019.5,39.7481919,-123.662626
7326246,443800,4400013.5,39.7481756,-123.655984
7434689,444577,4399987.5,39.7479923,-123.646913
7455318,444501,4399982.5,39.7479423,-123.6478
7463691,444592,4399980.5,39.7479302,-123.646738
7469570,446330,4399979.5,39.7480324,-123.626452
7472122,444741,4399978.5,39.7479218,-123.644998
7577549,446643,4399953.5,39.7478178,-123.622797
7650040,444596,4399935.5,39.747525,-123.646687
7655582,445997,4399934.5,39.7476059,-123.630335
7680389,445958,4399928.5,39.7475494,-123.63079
7731855,443591,4399915.5,39.7472789,-123.658415
7735213,446949,4399915.5,39.7474945,-123.619222
7744617,443930,4399912.5,39.7472742,-123.654458
7753258,444289,4399910.5,39.7472797,-123.650268
7761490,444239,4399908.5,39.7472584,-123.650852
7781057,443101,4399903.5,39.7471382,-123.664133
7783846,445890,4399903.5,39.7473198,-123.631582
7808834,446032,4399897.5,39.7472748,-123.629924
7831830,444182,4399891.5,39.7471015,-123.651515
7855746,443252,4399885.5,39.7469861,-123.662369
7871790,446873,4399882.5,39.7471925,-123.620107
7880688,443348,4399879.5,39.7469384,-123.661248
7906884,444698,4399873.5,39.746973,-123.645491
7953709,445972,4399862.5,39.7469556,-123.630621
7978355,445772,4399856.5,39.7468889,-123.632955
7981353,444629,4399855.5,39.7468064,-123.646295
8019961,445968,4399846.5,39.7468112,-123.630666
8042197,443358,4399840.5,39.7465877,-123.661128
8047457,444477,4399839.5,39.7466523,-123.648068
8058839,443436,4399836.5,39.7465568,-123.660218
8076557,444590,4399832.5,39.7465966,-123.646748
8082028,445920,4399831.5,39.746673,-123.631225
8090388,445998,4399829.5,39.74666,-123.630315
8105369,444415,4399825.5,39.7465221,-123.64879
8125293,443634,4399820.5,39.7464258,-123.657905
8136903,446962,4399818.5,39.7466214,-123.619063
8182339,446847,4399807.5,39.7465151,-123.620404
8211192,446713,4399800.5,39.7464437,-123.621968
8219471,446710,4399798.5,39.7464255,-123.622002
8277881,443005,4399783.5,39.7460506,-123.665243
8302802,443080,4399777.5,39.7460015,-123.664367
8316115,443970,4399774.5,39.7460335,-123.65398
8326411,445984,4399772.5,39.7461455,-123.630474
8334541,445832,4399770.5,39.7461179,-123.632248
8429447,445495,4399747.5,39.7458892,-123.636179
8460246,443166,4399739.5,39.7456649,-123.66336
8501788,443298,4399729.5,39.7455836,-123.661819
8555394,443071,4399716.5,39.7454514,-123.664467
8573436,444549,4399712.5,39.7455128,-123.647217
8581375,444206,4399710.5,39.7454724,-123.65122
8626969,444249,4399699.5,39.7453761,-123.650717
8641333,446190,4399696.5,39.7454738,-123.628063
8651680,444114,4399693.5,39.7453132,-123.652292
8659235,443387,4399691.5,39.7452472,-123.660777
8664203,444214,4399690.5,39.7452927,-123.651125
8672880,444609,4399688.5,39.7453005,-123.646515
8697470,444353,4399682.5,39.7452297,-123.649502
8704238,446980,4399681.5,39.7453882,-123.618842
8759798,444566,4399667.5,39.7451085,-123.647015
8812751,443686,4399654.5,39.7449336,-123.657284
8939805,446510,4399624.5,39.7448453,-123.624323
8940536,443100,4399623.5,39.7446154,-123.664121
8960661,446661,4399619.5,39.7448097,-123.62256
8965231,447090,4399618.5,39.7448274,-123.617553
8967661,445379,4399617.5,39.7447105,-123.637522
8979191,444486,4399614.5,39.7446257,-123.647944
8997571,446302,4399610.5,39.7447061,-123.626749
9008219,444527,4399607.5,39.7445653,-123.647465
9011179,443346,4399606.5,39.7444786,-123.661248
9047191,446230,4399598.5,39.7445934,-123.627588
9047703,446742,4399598.5,39.7446256,-123.621613
9059619,446235,4399595.5,39.7445667,-123.62753
9088941,446570,4399588.5,39.7445247,-123.623619
9092034,445522,4399587.5,39.7444493,-123.63585
9106995,443919,4399583.5,39.7443093,-123.654559
9154636,446009,4399572.5,39.7443452,-123.630165
9176304,446972,4399567.5,39.7443606,-123.618926
9209000,446540,4399559.5,39.7442615,-123.623967
9224935,445911,4399555.5,39.7441858,-123.631308
9225915,446891,4399555.5,39.7442475,-123.61987
9248323,444453,4399549.5,39.744038,-123.648324
9272383,443667,4399543.5,39.7439323,-123.657496
9276263,443406,4399542.5,39.743906,-123.660542
9289733,444453,4399539.5,39.7439479,-123.648323
9290019,444739,4399539.5,39.7439665,-123.644985
9310998,445013,4399534.5,39.7439391,-123.641787
9316418,446292,4399533.5,39.7440117,-123.626859
9346568,443314,4399525.5,39.7437467,-123.661615
9386121,445598,4399516.5,39.7438145,-123.634958
9395038,446233,4399514.5,39.7438368,-123.627546
9412716,443206,4399509.5,39.7435954,-123.662874
9416503,446993,4399509.5,39.7438394,-123.618676
9417640,443989,4399508.5,39.7436382,-123.653735
9420993,443201,4399507.5,39.743577,-123.662932
9486983,447076,4399492.5,39.7436914,-123.617706
9503812,443200,4399487.5,39.7433968,-123.662942
9505589,444977,4399487.5,39.7435134,-123.642203
9506433,445821,4399487.5,39.7435674,-123.632353
9523865,446689,4399483.5,39.7435861,-123.622222
9585415,446124,4399468.5,39.7434155,-123.628815
9610451,446314,4399462.5,39.7433734,-123.626597
9630845,446003,4399457.5,39.7433087,-123.630226
9640941,443676,4399454.5,39.743131,-123.657384
9670972,444720,4399447.5,39.7431363,-123.645199
9719664,443720,4399435.5,39.7429628,-123.656869
9720747,444803,4399435.5,39.7430336,-123.644229
9729154,444928,4399433.5,39.7430237,-123.64277
9742512,445863,4399430.5,39.7430566,-123.631858
9749215,444284,4399428.5,39.7429368,-123.650286
9765248,443753,4399424.5,39.7428658,-123.656483
9777335,443417,4399421.5,39.7428166,-123.660404
9787962,445762,4399419.5,39.742951,-123.633036
9799258,444635,4399416.5,39.7428515,-123.646188
9819800,444472,4399411.5,39.7427959,-123.64809
9825420,445951,4399410.5,39.742882,-123.630829
9826544,447075,4399410.5,39.7429525,-123.617711
9855794,443197,4399402.5,39.7426308,-123.66297
9858308,445711,4399402.5,39.7427946,-123.633629
9861631,444893,4399401.5,39.7427331,-123.643176
9867697,446818,4399400.5,39.7428464,-123.62071
9882640,445197,4399396.5,39.7427077,-123.639628
9898413,444406,4399392.5,39.7426204,-123.648859
9898637,444630,4399392.5,39.742635,-123.646245
9931541,444406,4399384.5,39.7425483,-123.648858
9966389,446126,4399376.5,39.7425867,-123.628784
9973185,444640,4399374.5,39.7424734,-123.646126
10001064,443532,4399367.5,39.7423377,-123.659057
10055090,443725,4399354.5,39.7422333,-123.656803
10056550,445185,4399354.5,39.7423285,-123.639764
10080823,444612,4399348.5,39.7422374,-123.646451
10103971,447055,4399343.5,39.7423476,-123.617939
10115621,446282,4399340.5,39.7422722,-123.62696
10120625,443004,4399338.5,39.7420413,-123.665216
10127944,446182,4399337.5,39.7422389,-123.628127
10142736,444410,4399333.5,39.7420891,-123.648807
10167562,444390,4399327.5,39.7420337,-123.64904
10169454,446282,4399327.5,39.7421551,-123.626959
10171653,444340,4399326.5,39.7420214,-123.649624
10176691,445237,4399325.5,39.7420705,-123.639155
10233965,444537,4399311.5,39.7418991,-123.647323
10262931,444516,4399304.5,39.7418347,-123.647568
10274652,443814,4399301.5,39.7417617,-123.65576
10299720,444036,4399295.5,39.7417222,-123.653169
10302393,446709,4399295.5,39.7418936,-123.621973
10389293,446648,4399274.5,39.7417006,-123.622684
10406898,443548,4399269.5,39.7414558,-123.658862
10449202,444442,4399259.5,39.7414245,-123.648427
10568457,443608,4399230.5,39.7411084,-123.658158
10575129,446139,4399229.5,39.7412631,-123.62862
10578223,445092,4399228.5,39.7411873,-123.640839
10633644,446680,4399215.5,39.741171,-123.622305
10648398,444870,4399211.5,39.7410198,-123.643428
10648606,445078,4399211.5,39.7410332,-123.641001
10662799,446848,4399208.5,39.7411184,-123.620344
10668087,443854,4399206.5,39.7409084,-123.655285
10680645,443989,4399203.5,39.7408903,-123.653709
10695733,446654,4399200.5,39.7410342,-123.622607
10698356,445136,4399199.5,39.7409288,-123.640323
10753179,446126,4399186.5,39.7408749,-123.628768
10803481,446736,4399174.5,39.7408051,-123.621648
10818696,445387,4399170.5,39.7406837,-123.637391
10887751,444045,4399153.5,39.7404435,-123.653052
10910078,445667,4399148.5,39.7405034,-123.634122
10916761,444068,4399146.5,39.7403819,-123.652783
10937056,443658,4399141.5,39.7403099,-123.657567
10938709,445311,4399141.5,39.7404175,-123.638276
10963768,445524,4399135.5,39.7403771,-123.63579
10975187,444520,4399132.5,39.7402853,-123.647506
10987027,443937,4399129.5,39.7402201,-123.65431
10989638,446548,4399129.5,39.7403879,-123.623839
11000826,445313,4399126.5,39.7402825,-123.638251
11031679,443038,4399118.5,39.7400614,-123.664801
11057267,443780,4399112.5,39.7400566,-123.656141
11064256,446628,4399111.5,39.7402307,-123.622904
11077334,443142,4399107.5,39.7399693,-123.663586
11137284,445118,4399093.5,39.7399727,-123.640524
11139194,447028,4399093.5,39.7400935,-123.618234
11147125,446677,4399091.5,39.7400536,-123.62233
11148921,444332,4399090.5,39.7398947,-123.649697
11165276,444123,4399086.5,39.7398449,-123.652136
11207011,444448,4399076.5,39.7397761,-123.648342
11214753,443908,4399074.5,39.7397227,-123.654644
11215069,444224,4399074.5,39.7397434,-123.650956
11232805,445396,4399070.5,39.7397833,-123.637278
11233875,446466,4399070.5,39.7398512,-123.624791
11233880,446471,4399070.5,39.7398515,-123.624733
11236064,444514,4399069.5,39.7397173,-123.647571
11338890,443815,4399044.5,39.7394463,-123.655726
11345832,446616,4399043.5,39.7396173,-123.623038
11348743,445386,4399042.5,39.7395304,-123.637392
11374570,446367,4399036.5,39.7395386,-123.625944
11380851,444366,4399034.5,39.7393923,-123.649295
11386131,445505,4399033.5,39.7394569,-123.636003
11388472,443705,4399032.5,39.7393309,-123.657009
11432519,446342,4399022.5,39.7394109,-123.626234
11433894,443576,4399021.5,39.7392233,-123.658514
11534634,444932,4398997.5,39.7390957,-123.642687
11585624,446230,4398985.5,39.7390705,-123.627538
11596135,444318,4398982.5,39.7389207,-123.649851
11598048,446231,4398982.5,39.7390435,-123.627526
11610837,446597,4398979.5,39.7390395,-123.623255
11625393,444589,4398975.5,39.7388753,-123.646688
11630391,445446,4398974.5,39.7389216,-123.636687
11641610,444242,4398971.5,39.7388166,-123.650737
11647661,446152,4398970.5,39.7389304,-123.628447
11666990,444776,4398965.5,39.7387973,-123.644505
11714678,446913,4398954.5,39.738834,-123.619565
11736498,443887,4398948.5,39.7385861,-123.654878
11740945,444193,4398947.5,39.7385972,-123.651307
11763749,446292,4398942.5,39.738687,-123.626811
11766525,444927,4398941.5,39.7385909,-123.642741
11791579,445135,4398935.5,39.7385502,-123.640313
11803075,444208,4398932.5,39.738463,-123.651131
11814218,447069,4398930.5,39.7386275,-123.617743
11870758,445635,4398916.5,39.7384111,-123.634476
11895074,445105,4398910.5,39.7383231,-123.640661
11910038,443505,4398906.5,39.7381825,-123.659332
11910185,443652,4398906.5,39.7381922,-123.657617
11922695,443739,4398903.5,39.7381709,-123.656601
11931791,444553,4398901.5,39.7382062,-123.647102
11949022,445220,4398897.5,39.7382133,-123.639318
11985361,444290,4398888.5,39.738072,-123.65017
11988671,443459,4398887.5,39.7380082,-123.659868
11991545,446333,4398887.5,39.738194,-123.626328
11994081,444728,4398886.5,39.7380825,-123.645058
12050833,443506,4398872.5,39.7378762,-123.659318
12124781,447057,4398855.5,39.737951,-123.617877
12159812,444819,4398846.5,39.737728,-123.643993
12163472,444338,4398845.5,39.7376877,-123.649606
12180529,444831,4398841.5,39.7376837,-123.643853
12182895,443056,4398840.5,39.737558,-123.664566
12193045,444924,4398838.5,39.7376627,-123.642767
12194689,446568,4398838.5,39.7377673,-123.623582
12271396,444596,4398819.5,39.7374702,-123.646593
12274173,443232,4398818.5,39.7373715,-123.662511
12295704,444058,4398813.5,39.737381,-123.652871
12302494,446707,4398812.5,39.7375418,-123.621958
12323191,446699,4398807.5,39.7374962,-123.62205
12351790,446311,4398800.5,39.7374088,-123.626578
12372850,446666,4398795.5,39.737386,-123.622435
12385175,446568,4398792.5,39.7373529,-123.623578
12403701,444389,4398787.5,39.7371685,-123.649006
12411980,444386,4398785.5,39.7371502,-123.649041
12412251,444657,4398785.5,39.7371679,-123.645878
12420257,444381,4398783.5,39.7371319,-123.649099
12424411,444394,4398782.5,39.7371237,-123.648947
12435967,443527,4398779.5,39.7370397,-123.659065
12445999,445277,4398777.5,39.7371358,-123.638643
12481956,443965,4398768.5,39.7369695,-123.653952
12511965,444987,4398761.5,39.736973,-123.642025
12537412,445588,4398755.5,39.7369575,-123.635011
12545520,445414,4398753.5,39.7369284,-123.637042
12577522,444288,4398745.5,39.7367835,-123.650181
12586615,445099,4398743.5,39.7368181,-123.640717
12590422,444765,4398742.5,39.7367875,-123.644614
12631949,444882,4398732.5,39.7367049,-123.643248
12649998,446367,4398728.5,39.7367636,-123.625918
12657159,445246,4398726.5,39.7366743,-123.639
12734996,444404,4398707.5,39.7364487,-123.648824
12738412,443679,4398706.5,39.7363921,-123.657285
12757956,446659,4398702.5,39.7365477,-123.622509
12769303,445583,4398699.5,39.7364527,-123.635065
12775759,443757,4398697.5,39.7363161,-123.656374
12783598,443314,4398695.5,39.7362688,-123.661543
12796371,443664,4398692.5,39.7362649,-123.657459
12820616,443063,4398686.5,39.7361709,-123.664471
12838470,444353,4398682.5,39.7362201,-123.649417
12838634,444517,4398682.5,39.7362308,-123.647504
12840910,446793,4398682.5,39.7363759,-123.620943
12887382,443573,4398670.5,39.7360607,-123.658519
12932011,446792,4398660.5,39.7361776,-123.620953
13011901,443862,4398640.5,39.7358095,-123.655144
13023796,443334,4398637.5,39.7357475,-123.661305
13035684,446940,4398635.5,39.7359616,-123.619224
13085615,443038,4398622.5,39.7355927,-123.664758
13133588,445460,4398611.5,39.735652,-123.636493
13147372,446821,4398608.5,39.7357109,-123.620611
13151516,446824,4398607.5,39.7357021,-123.620576
13172401,447004,4398602.5,39.7356683,-123.618475
13213531,446724,4398592.5,39.7355607,-123.621741
13239372,443578,4398585.5,39.7352952,-123.658453
13265382,444742,4398579.5,39.7353174,-123.644869
13282613,445409,4398575.5,39.7353243,-123.637085
13331309,444413,4398563.5,39.7351519,-123.648707
13346118,446799,4398560.5,39.7352771,-123.620864
13359529,443646,4398556.5,39.7350384,-123.657657
13478716,446885,4398528.5,39.7349941,-123.619857
13562492,443700,4398507.5,39.7346005,-123.657023
13585671,446174,4398502.5,39.7347153,-123.628152
13590181,446543,4398501.5,39.7347295,-123.623846
13602494,446433,4398498.5,39.7346956,-123.62513
13627928,447021,4398492.5,39.7346783,-123.618267
13652913,443019,4398485.5,39.7343571,-123.664967
13654093,444199,4398485.5,39.7344351,-123.651198
13688705,445683,4398477.5,39.7344589,-123.63388
13751480,446343,4398462.5,39.7343656,-123.626177
13757558,444139,4398460.5,39.734206,-123.651896
13761238,443678,4398459.5,39.7341666,-123.657275
13788866,446460,4398453.5,39.7342918,-123.624811
13851580,447059,4398438.5,39.7341941,-123.61782
13855539,446877,4398437.5,39.7341738,-123.619943
13875733,446366,4398432.5,39.7340967,-123.625906
13925920,446861,4398420.5,39.7340196,-123.620129
13932499,445158,4398418.5,39.7338937,-123.640001
13975019,446268,4398408.5,39.7338743,-123.627048
13975476,446725,4398408.5,39.733903,-123.621715
13993297,443841,4398403.5,39.7336728,-123.655368
14000145,446548,4398402.5,39.7338379,-123.62378
14000404,446807,4398402.5,39.7338541,-123.620757
14001420,443682,4398401.5,39.7336443,-123.657224
14022126,443683,4398396.5,39.7335993,-123.657211
14034665,443799,4398393.5,39.73358,-123.655858
14265653,447032,4398338.5,39.7332914,-123.618127
14265803,443041,4398337.5,39.7330251,-123.664698
14312013,443700,4398326.5,39.7329698,-123.657007
14319191,446737,4398325.5,39.7331559,-123.621568
14329341,444464,4398322.5,39.7329839,-123.648092
14356929,443065,4398315.5,39.7328285,-123.664416
14382145,443435,4398309.5,39.7327991,-123.660098
14428348,444087,4398298.5,39.732743,-123.652489
14488795,446560,4398284.5,39.7327755,-123.62363
14501921,443122,4398280.5,39.732517,-123.663748
14509747,446807,4398279.5,39.7327459,-123.620747
14518225,447003,4398277.5,39.73274,-123.61846
14538969,447042,4398272.5,39.7326974,-123.618005
14577178,443841,4398262.5,39.7324025,-123.655356
14591913,446153,4398259.5,39.7325246,-123.628377
14599497,445455,4398257.5,39.7324622,-123.636522
14600241,446199,4398257.5,39.7325095,-123.62784
14676448,443727,4398238.5,39.7321787,-123.656685
14686187,445184,4398236.5,39.7322556,-123.639683
14710136,444287,4398230.5,39.7321434,-123.650149
14798908,446098,4398209.5,39.7320707,-123.629015
14806172,445080,4398207.5,39.7319877,-123.640894
14815790,446416,4398205.5,39.7320547,-123.625304
14836079,446000,4398200.5,39.7319834,-123.630158
14881575,445945,4398189.5,39.7318808,-123.630799
14894681,446628,4398186.5,39.7318968,-123.622829
14915980,443081,4398180.5,39.7316133,-123.664218
14921160,444120,4398179.5,39.731673,-123.652094
14977986,447113,4398166.5,39.7317468,-123.617168
14999227,443508,4398160.5,39.7314615,-123.659233
15036960,443972,4398151.5,39.731411,-123.653818
15103203,443959,4398135.5,39.731266,-123.653969
15135997,443625,4398127.5,39.7311719,-123.657865
15173531,443890,4398118.5,39.7311083,-123.654772
15176874,443092,4398117.5,39.7310464,-123.664084
15202610,443982,4398111.5,39.7310513,-123.653698
15219241,444049,4398107.5,39.7310197,-123.652916
15389205,444232,4398066.5,39.7306622,-123.650777
15417553,443593,4398059.5,39.7305571,-123.658233
15445313,446507,4398053.5,39.7306909,-123.62423
15503240,446460,4398039.5,39.7305618,-123.624777
15533299,443391,4398031.5,39.7302915,-123.660587
15598186,446163,4398016.5,39.7303359,-123.628241
15619841,447113,4398011.5,39.7303503,-123.617155
15623222,446353,4398010.5,39.7302938,-123.626023
15623896,447027,4398010.5,39.730336,-123.618159
15629108,443957,4398008.5,39.7301217,-123.653981
15662030,443751,4398000.5,39.730036,-123.656384
15686698,443573,4397994.5,39.7299702,-123.658461
15731101,446566,4397984.5,39.7300729,-123.623536
15736885,444068,4397982.5,39.7298947,-123.652684
15742173,445215,4397981.5,39.7299602,-123.6393
15751848,446608,4397979.5,39.7300305,-123.623045
15805864,446791,4397966.5,39.7299248,-123.620909
15847284,446801,4397956.5,39.7298354,-123.620791
15864041,446994,4397952.5,39.7298113,-123.618539
15875741,446271,4397949.5,39.7297391,-123.626975
15877699,444088,4397948.5,39.7295897,-123.652447
15922002,446981,4397938.5,39.7296844,-123.61869
15927531,444228,4397936.5,39.7294907,-123.650813
15929795,446492,4397936.5,39.7296358,-123.624395
15948216,444208,4397931.5,39.7294444,-123.651046
15968691,443978,4397926.5,39.7293842,-123.653729
15971669,446956,4397926.5,39.7295747,-123.61898
15983976,446840,4397923.5,39.7295405,-123.620334
15985303,444026,4397922.5,39.7293514,-123.653169
16002066,444225,4397918.5,39.7293284,-123.650846
16026775,444088,4397912.5,39.7292653,-123.652444
16030941,444113,4397911.5,39.729258,-123.652153
16054209,446676,4397906.5,39.7293771,-123.622246
16066351,446395,4397903.5,39.7293324,-123.625524
16071677,443439,4397901.5,39.7291234,-123.660016
16169979,446498,4397878.5,39.7291136,-123.624321
16176103,444340,4397876.5,39.7289575,-123.649501
16176834,445071,4397876.5,39.7290049,-123.640971
16193980,445653,4397872.5,39.7290061,-123.63418
16201637,445028,4397870.5,39.7289481,-123.641473
16219999,446826,4397866.5,39.729026,-123.620492
16236850,447113,4397862.5,39.7290079,-123.617143
16267087,444222,4397854.5,39.7287516,-123.650876
16277766,446619,4397852.5,39.728887,-123.622907
16404751,445233,4397821.5,39.7285198,-123.639076
16408723,445064,4397820.5,39.7284999,-123.641048
16471594,445820,4397805.5,39.7284131,-123.632226
16483381,445184,4397802.5,39.7283454,-123.639647
16513515,446331,4397795.5,39.7283553,-123.626262
16527650,443902,4397791.5,39.7281629,-123.654604
16600805,446660,4397774.5,39.7281868,-123.622422
16719872,445638,4397745.5,39.727861,-123.634344
16720618,446384,4397745.5,39.7279082,-123.62564
16733672,447015,4397742.5,39.7279206,-123.618277
16738721,443782,4397740.5,39.7276956,-123.656
16753756,446394,4397737.5,39.7278367,-123.625523
16763498,443713,4397734.5,39.7276369,-123.656805
16805169,443974,4397724.5,39.727564,-123.653759
16852163,445417,4397713.5,39.7275585,-123.636921
16877127,445535,4397707.5,39.727512,-123.635543
16886705,446831,4397705.5,39.7275758,-123.620421
16956913,446642,4397688.5,39.7274108,-123.622625
16972362,445527,4397684.5,39.7273043,-123.635635
16977888,446912,4397683.5,39.7273826,-123.619474
16982136,447019,4397682.5,39.7273803,-123.618226
17011776,443531,4397674.5,39.7270843,-123.658923
17033142,444192,4397669.5,39.7270828,-123.65121
17050916,445402,4397665.5,39.7271251,-123.637092
17065940,443862,4397661.5,39.7269891,-123.65506
17071388,445169,4397660.5,39.7270651,-123.63981
17096819,445754,4397654.5,39.7270485,-123.632983
17143872,443115,4397642.5,39.7267684,-123.663774
17175157,445413,4397635.5,39.7268555,-123.636961
17255158,446735,4397616.5,39.7267679,-123.621534
17287290,445739,4397608.5,39.7266331,-123.633155
17332498,445396,4397597.5,39.7265121,-123.637156
17335441,444198,4397596.5,39.7264255,-123.651134
17376377,443724,4397586.5,39.7263042,-123.656664
17397266,443908,4397581.5,39.7262713,-123.654516
17437632,447005,4397572.5,39.7263883,-123.61838
17447152,444102,4397569.5,39.7261759,-123.652252
17472016,444120,4397563.5,39.7261231,-123.652041
17540986,446834,4397547.5,39.7261524,-123.620373
17578685,443123,4397537.5,39.7258229,-123.663672
17581030,445468,4397537.5,39.7259761,-123.636311
17603744,443336,4397531.5,39.725783,-123.661186
17763149,445383,4397493.5,39.7255742,-123.637299
17833233,445070,4397476.5,39.725401,-123.64095
17857883,444874,4397470.5,39.7253342,-123.643236
17862008,444858,4397469.5,39.7253242,-123.643423
17867502,446211,4397468.5,39.7254016,-123.627636
17891686,445549,4397462.5,39.7253055,-123.63536
17914449,443466,4397456.5,39.7251159,-123.659663
17944021,444051,4397449.5,39.7250914,-123.652837
17947512,443401,4397448.5,39.7250395,-123.660421
17950910,446799,4397448.5,39.7252583,-123.620774
17955789,443396,4397446.5,39.7250212,-123.660479
17978224,445126,4397441.5,39.7250892,-123.640293
17987542,446162,4397439.5,39.7251372,-123.628205
18003419,445475,4397435.5,39.7250575,-123.636221
18064947,444888,4397420.5,39.7248847,-123.643068
18115560,445809,4397408.5,39.7248356,-123.632321
18216430,443154,4397383.5,39.7244375,-123.663297
18368131,445779,4397347.5,39.7242841,-123.632666
18381868,447093,4397344.5,39.7243396,-123.617335
18383864,444948,4397343.5,39.7241948,-123.642362
18388652,445595,4397342.5,39.7242273,-123.634813
18454498,445185,4397326.5,39.7240569,-123.639595
18456457,443003,4397325.5,39.7239048,-123.665054
18459907,446453,4397325.5,39.7241285,-123.624801
18460759,443164,4397324.5,39.7239066,-123.663175
18473203,443185,4397321.5,39.723881,-123.66293
18578798,445255,4397296.5,39.7237911,-123.638776
18618015,443062,4397286.5,39.7235574,-123.664362
18661600,445237,4397276.5,39.7236098,-123.638984
18687362,446153,4397270.5,39.723614,-123.628296
18706721,444807,4397265.5,39.7234829,-123.644001
18788025,443291,4397245.5,39.7232033,-123.661687
18848409,445701,4397231.5,39.723234,-123.633567
18850330,443481,4397230.5,39.7230807,-123.659469
18860928,445797,4397228.5,39.7232131,-123.632447
18872663,445109,4397225.5,39.723142,-123.640474
18899980,443439,4397218.5,39.7229698,-123.659958
18911192,446369,4397216.5,39.7231411,-123.625772
18914785,445821,4397215.5,39.7230975,-123.632166
18969628,446831,4397202.5,39.7230439,-123.62038
18997478,445694,4397195.5,39.7229092,-123.633646
19014725,446377,4397191.5,39.7229164,-123.625677
19035872,446819,4397186.5,39.722899,-123.620519
19054573,444815,4397181.5,39.7227266,-123.6439
19123865,443710,4397164.5,39.7225013,-123.656791
19205450,446616,4397145.5,39.7225169,-123.622884
19210421,443305,4397143.5,39.7222852,-123.661515
19253690,445164,4397133.5,39.7223167,-123.639824
19351113,443203,4397109.5,39.7219721,-123.662702
19359350,443158,4397107.5,39.7219511,-123.663226
19386225,445187,4397101.5,39.7220299,-123.639553
19391348,446169,4397100.5,39.7220834,-123.628096
19399255,445794,4397098.5,39.7220416,-123.632471
19444248,445236,4397087.5,39.7219069,-123.63898
19458277,446842,4397084.5,39.7219815,-123.620243
19464955,445238,4397082.5,39.7218619,-123.638957
19494888,446184,4397075.5,39.7218591,-123.627919
19495933,443088,4397074.5,39.7216491,-123.66404
19552766,446088,4397061.5,39.7217269,-123.629038
19568250,445008,4397057.5,39.7216219,-123.641638
19572491,445108,4397056.5,39.7216193,-123.640471
19580658,444993,4397054.5,39.7215939,-123.641813
19609887,445235,4397047.5,39.7215464,-123.638989
19623055,445980,4397044.5,39.7215669,-123.630296
19641609,443829,4397039.5,39.7213829,-123.655392
19644382,446602,4397039.5,39.721561,-123.623039
19656703,446500,4397036.5,39.7215276,-123.624229
19660734,446390,4397035.5,39.7215117,-123.625512
19711926,443749,4397022.5,39.7212245,-123.656324
19712644,444467,4397022.5,39.7212715,-123.647947
19717687,445369,4397021.5,39.7213208,-123.637423
19721100,444641,4397020.5,39.7212648,-123.645917
19726252,445652,4397019.5,39.7213208,-123.634121
19727429,446829,4397019.5,39.721395,-123.620389
19740862,443698,4397015.5,39.721158,-123.656918
19750366,444920,4397013.5,39.7212198,-123.642661
19849781,444951,4396989.5,39.7210056,-123.642297
19866003,444609,4396985.5,39.7209474,-123.646287
19956049,443553,4396963.5,39.7206799,-123.658606
19974248,445188,4396959.5,39.7207505,-123.63953
19989196,443572,4396955.5,39.7206091,-123.658383
20010809,444480,4396950.5,39.7206237,-123.647789
20018367,443756,4396948.5,39.7205582,-123.656236
20020391,445780,4396948.5,39.7206893,-123.632622
20021900,443148,4396947.5,39.7205089,-123.663329
20156385,445121,4396915.5,39.7203498,-123.640308
20177033,445064,4396910.5,39.7203011,-123.640972
20195112,446579,4396906.5,39.7203613,-123.623297
20196124,443450,4396905.5,39.7201506,-123.659802
20253563,447056,4396892.5,39.7202649,-123.61773
20273344,446132,4396887.5,39.720162,-123.62851
20309015,444534,4396878.5,39.7199785,-123.647153
20377114,446377,4396862.5,39.7199522,-123.62565
20385056,446037,4396860.5,39.7199127,-123.629616
20408421,444556,4396854.5,39.7197637,-123.646894
20417321,445174,4396852.5,39.7197856,-123.639684
20428238,443668,4396849.5,39.7196604,-123.657254
20467107,445268,4396840.5,39.7196835,-123.638587
20504501,445393,4396831.5,39.7196105,-123.637127
20512794,445404,4396829.5,39.7195931,-123.636999
20551372,446713,4396820.5,39.7195948,-123.621726
20559393,446452,4396818.5,39.7195605,-123.624771
20563928,446846,4396817.5,39.7195761,-123.620174
20567965,446742,4396816.5,39.7195606,-123.621388
20575170,445665,4396814.5,39.7194747,-123.633953
20587593,445665,4396811.5,39.7194476,-123.633952
20599728,445377,4396808.5,39.7194022,-123.637312
20603102,444610,4396807.5,39.7193437,-123.64626
20605728,443095,4396806.5,39.719235,-123.663936
20605819,443186,4396806.5,39.7192411,-123.662874
20654547,446363,4396795.5,39.7193477,-123.625808
20686608,445296,4396787.5,39.7192078,-123.638255
20694811,445217,4396785.5,39.7191847,-123.639177
20712068,445910,4396781.5,39.7191929,-123.631092
20712584,446426,4396781.5,39.7192255,-123.625071
20723291,444710,4396778.5,39.7190889,-123.645091
20724504,445923,4396778.5,39.7191667,-123.63094
20728157,445435,4396777.5,39.7191266,-123.636633
20807381,445980,4396758.5,39.7189901,-123.630273
20870738,443081,4396742.5,39.7186574,-123.664093
20871250,443593,4396742.5,39.7186915,-123.65812
20889666,445445,4396738.5,39.7187759,-123.636513
20908525,443599,4396733.5,39.7186108,-123.658049
20936637,446865,4396727.5,39.7187664,-123.619945
20950031,443695,4396723.5,39.718527,-123.656928
20964024,445265,4396720.5,39.7186022,-123.638612
21005843,445674,4396710.5,39.7185382,-123.633839
21030873,445858,4396704.5,39.7184959,-123.631692
21048092,446513,4396700.5,39.7185012,-123.62405
21081984,443136,4396691.5,39.7182016,-123.663447
21112158,444323,4396684.5,39.7182169,-123.649598
21122621,446504,4396682.5,39.7183384,-123.624153
21124838,444580,4396681.5,39.7182066,-123.6466
21128692,444293,4396680.5,39.7181789,-123.649948
21138765,446084,4396678.5,39.7182759,-123.629053
21149837,444733,4396675.5,39.7181624,-123.644814
21152750,443505,4396674.5,39.718073,-123.659141
21195389,444734,4396664.5,39.7180634,-123.644802
21268707,443514,4396646.5,39.7178213,-123.659033
21283926,446310,4396643.5,39.7179749,-123.626414
21311471,444868,4396636.5,39.7178198,-123.643236
21316484,445740,4396635.5,39.7178667,-123.633063
21345655,445924,4396628.5,39.7178153,-123.630916
21354077,446064,4396626.5,39.7178062,-123.629282
21371813,443095,4396621.5,39.7175682,-123.66392
21377916,445057,4396620.5,39.7176878,-123.64103
21384059,447059,4396619.5,39.7178054,-123.617673
21387869,446728,4396618.5,39.7177758,-123.621535
21417470,443201,4396610.5,39.7174762,-123.662682
21433598,446906,4396607.5,39.7176878,-123.619457
21435732,444899,4396606.5,39.7175515,-123.642872
21439437,444463,4396605.5,39.7175142,-123.647958
21439727,444753,4396605.5,39.7175331,-123.644575
21457996,446458,4396601.5,39.7176057,-123.624684
21490979,446313,4396593.5,39.7175246,-123.626375
21513106,443594,4396587.5,39.717295,-123.658095
21591579,443388,4396568.5,39.7171102,-123.660497
21613186,444290,4396563.5,39.7171245,-123.649973
